BV号,标题,UP主,分区,播放量,弹幕数,收藏,硬币,分享,点赞,发布时间,简介,AV号
BV1uf6tYBEWN,《崩坏：星穹铁道》太古颂歌PV：「论泰坦与地上万邦」,崩坏星穹铁道,手机游戏 (172),4936479,44443,61080,117277,49428,330420,2024-12-30 18:00:00,"「永恒圣城」奥赫玛、「千门之城」雅努萨波利斯、「贤者之乡」神悟树庭、「蛮都」悬锋城、「海畔明珠」斯缇科西亚、「雪城」哀地里亚......
在古老的黄金年代，翁法罗斯大地上曾有万邦毗邻，如今绝大多数都已被黑潮吞没......
 
于危难中，天父刻法勒负日擎天，庇护圣城一方光明。但要重塑破碎的世界，英雄们必须搜集古老泰坦的火种——即便这意味着，狩猎诸神。

中文CV：
讲述者 —— 刘若班
 
日文CV：
讲述者 —— 喜山 茂雄
 
英文CV：
讲述者 —— Circus-Szalewski
 
韩文CV：
讲述者 —— 윤세하",113734223660460
BV1e4ceejEsr,崩坏：星穹铁道剧情合集三期4K（更新到3.2主线剧情走过安眠地的花丛）,泛音1572,手机游戏 (172),4585639,49227,30492,21930,3377,36588,2025-01-15 12:38:53,会加快更新的,113830407439719
BV1yX66YcEPk,《崩坏：星穹铁道》翁法罗斯主题曲MV——「何者」,崩坏星穹铁道,原创音乐 (28),3836902,17683,96943,127112,17757,247579,2025-01-03 12:00:00,"《崩坏：星穹铁道》 3.0版本「再创世的凯歌」将于2025年1月15日上线。
 
翁法罗斯主题曲「何者」
人声 Vocal Artist：谭晶
作词 Lyricist：往人不识/李崎
作曲 Composer：王可鑫 Eli.W (HOYO-MiX)
编曲 Arranger：崔瀚普TSAR (HOYO-MiX)
制作人 Producer：崔瀚普TSAR (HOYO-MiX)
伴唱 Choir： 崔瀚普TSAR (HOYO-MiX)/王可鑫 Eli.W (HOYO-MiX)/奏SOU
录音棚 Recording Studio：STUDIO21A/2496 Top Music
录音师 Recording Engineer：杨惠琳@STUDIO21A/王昆
混音师 Mixing Engineer： 崔瀚普TSAR (HOYO-MiX)
母带制作 Mastering Engineer：崔瀚普TSAR (HOYO-MiX)
出品 Produced by：HOYO-MiX
 
轮回
希望绝望更迭吟唱
兴亡
记忆徒留末日回响
遗忘
未来过去成灰
都为新生陪葬
命运将我流放
那又 怎样？
无愧 无悔
为何不配？为何要跪？
是非 真伪
选择无关错对
谁给我种下因果
结局却不说破
诞生已铐上枷锁
无法挣脱
一场 惨败
英雄
身后不过碑文几行
传说
起承转合虚构太多
你想
囚徒笑问傀儡
谁比谁更荒唐
我虽一身泥浆 那又怎样？
无罪 无畏
为何不配？为何要跪？
是非 真伪 由谁来定错对？
咬断了命运枷锁
不疯狂不成活
埋葬于无人角落
自有评说
故事 之外
有谁 还在？",113758701684558
BV1q99TYtEge,【星穹铁道】嗷呜嗷呜事务所 活动攻略/简单好抄 摆完挂机/奇美拉/打工人模拟器/星穹铁道3.1,你的影月月,手机游戏 (172),3431724,4562,12218,16540,2282,43762,2025-02-28 12:20:27,"视频里都带着激活了隐藏关卡，没触发隐藏关卡的话可能要多打一周！
浴宫里的小奇美拉是3.0宝箱视频里带着从【奥赫玛的红色木马商人】那买的
有帮助的话还请三连支持一下！",114079565877142
BV1oXf4YtEbL,【星穹铁道】地宫迷踪 活动攻略/预言算碑/黄金替罪羊/扎格列斯之手/欧洛尼斯奇迹/星穹铁道3.0,你的影月月,手机游戏 (172),3130513,8129,11760,43723,2161,68565,2025-01-22 12:18:29,"黄金替罪羊省流：
房间1：右7,左
房间2：右3,左2,右6
房间3：左4,右,上,右5
房间4：左2,右4,左2,右,左3
房间5：右2,左2,右4,左2,右2,左5
房间6：右2,下,左4,右,下上(反复横跳3次),右
有帮助的话还请三连支持一下！",113870052000464
BV1vsdAYUEQv,【星穹铁道3.2新增宝箱全收集】黎明云崖/斯缇科西亚/创生若虫/成就/贼灵/战利品/黄金替罪羊/启目集/仙馔秘酿/全网最贴心的星穹铁道宝箱攻略,你的影月月,手机游戏 (172),2614157,7084,16725,20100,1698,29882,2025-04-09 16:24:47,"空间站黑塔-任务：BV1oa4y1V7Az
空间站黑塔-宝箱：BV1YM4y1a7wf
空间站黑塔-黑塔币：BV1pz4y1Y79r
雅利洛-Ⅵ-任务：BV1fL411Y71D
雅利洛-Ⅵ-宝箱：BV1mm4y1y77J
雅利洛-Ⅵ-冬城盾：BV19M4y187vT
仙舟罗浮-任务：BV11T41187jy
仙舟罗浮-宝箱：BV1sz4y1Y7mP
仙舟罗浮-巡镝：BV17s4y1R7SA
匹诺康尼-任务：BV1fB421B7j3
匹诺康尼-宝箱：BV1aZ421U7iu
匹诺康尼-贴纸：BV1TC41167zr
翁法罗斯-任务：BV1x1ceePE3A
翁法罗斯-宝箱：BV16Wc6ekEoP
有帮助的话还请三连支持一下！",114307014592941
BV1NQrxYbEvL,开拓必看！打卡开拓星神都没去过的翁法罗斯！,崩坏星穹铁道,手机游戏 (172),2536934,45517,49417,118539,26797,258008,2025-01-05 12:00:00,"永恒之地，翁法罗斯，三重命途交织缠绕的未知领域。
它难以从外部被观测到，只有通过忆庭之镜，才能窥见其中的奥秘。
今天我们走近《崩坏：星穹铁道》项目组，深入采访他们的创作经历。
一起探寻，阿基维利也未曾到过的神秘之境——",113770898655052
BV1yqBMYPENa,《崩坏：星穹铁道》TGA参展视频：「你所不曾抵达的世界」,崩坏星穹铁道,手机游戏 (172),2340035,9078,37253,58246,14876,200446,2024-12-14 12:00:00,"你的足迹是我们的道标，而我们的足迹将留在你所不曾抵达的世界。
 
中文CV：
帕姆——蒋丽
开拓者——秦且歌
三月七——诺亚
姬子——林簌
 
日文CV：
帕姆——长泽美树
开拓者——榎木淳弥
三月七——小仓唯
姬子——田中理惠
 
英文CV：
帕姆——Christine Sposato
开拓者——Caleb Yen
三月七——Skyler Davenport
姬子——Cia Court
 
韩文CV：
帕姆——윤아영
开拓者——김명준
三月七——정혜원
姬子——김보나",113644834654134
BV1GacoeGESU,星穹铁道你错过一个梗会怎样,神奇猫猫头,手机游戏 (172),2243413,877,22678,1147,5468,152682,2025-01-17 21:09:42,-,113843829277556
BV11CQhYvE8i,酱紫耍帅？,潮汐的原神小日常,手机游戏 (172),2102000,310,36373,5317,3332,216543,2025-03-16 22:54:17,-,114172662646478
BV1FCdKYPEWH,人在飞，魂在追，猫猫慢点呀,月亮在睡觉呀,网络游戏 (65),2033764,748,26892,1558,2363,127851,2025-04-10 01:19:44,-,114309145299728
BV1mrQgYjE6r,缇宝：你好会上班呀~,呵纹Hevon,手机游戏 (172),1944734,5827,22654,14134,5533,164590,2025-03-14 17:25:46,"片尾BGM：花冷列車
素材绘制：@仓鼠饭团c  
配音协力：@宅在家里什么都不会  
后期协力：@奶昔PurinN  动效：@假日威龙陈阿颐 ",114160046246381
BV1uAcBeJE4r,【崩坏星穹铁道】3.0翁法罗斯 宝箱战利品+若虫全收集 奥赫玛+悬锋城+命运重渊+创世涡心,莴苣某人,手机游戏 (172),1879081,3798,9740,12391,1209,17295,2025-01-15 21:36:47,"宝箱计数逻辑：
裸露战利品：计入地图成就数，计入米游社成就数
贼灵：计入地图成就数，不计入米游社成就数
强敌挑战、预言算碑、黄金短矛、黄金替罪羊、扎格列斯之手战利品：不计入地图成就数，只计入米游社成就数",113832605322115
BV1i1QnYWEyC,奇美拉：你好会上班呀～,木姬空语,手工 (161),1849898,351,4234,3165,959,108879,2025-03-12 20:37:44,-,114149476537847
BV1xKPCeYES5,灰毛怪偷吃阿格莱雅金苹果！缇宝老师给你降降火！,瓶装白矮心,同人·手书 (47),1764809,675,30003,7182,3997,144424,2025-02-05 11:48:21,阿雅气炸了（物理）,113949223752777
BV1n1CEYTEVZ,《崩坏：星穹铁道》翁法罗斯主题曲「何者」预告,帕姆的收藏夹,手机游戏 (172),1639439,9310,21577,25740,35734,139996,2024-12-28 18:00:00,"《崩坏：星穹铁道》翁法罗斯主题曲「何者」
2025.01.01 8P.M. UTC+8 即将发布
2025.01.02 0A.M. UTC+8 音源发布",113722781598025
BV1MEcceCEXS,崩铁嘴上说着削弱特效，结果...,优米YuMi丶,手机游戏 (172),1625544,323,10614,490,1201,153433,2025-01-11 15:48:34,-,113808613842485
BV1exfhYYEtw,【星穹铁道新春会】再世的神谕 Oracle of Reincarnation,哈米伦的弄笛者, (),0,0,0,0,0,0,2025-01-25 20:00:00,来自天外的旅人取得创世的火种，沿着记忆的长河逆流而上\n金血的英雄，启蒙的人类，富饶的天地，纷争的神战\n在时间的起点与终点，她将希望交给了下一个自己\n————————————\n希腊神话、神谕与预言、循环与变量，我们在翁法罗斯的故事中提取出了这些意向，本次手书的故事也围绕它们展开。\n在画风方面，我们模仿了壁画和教堂彩窗的风格、采用金、白、蓝、黑四色交织、再结合希腊式的花纹与偏油画的质感，来描绘那些富有传奇色彩的故事，在分镜方面，我们也参考了著名的神话片段，比如纷争泰坦的悬锋与达摩克利斯之剑，不死鏖战的万敌与推,0
BV1wUfhYmEVU,【星穹铁道新春会】银狼大战大黑塔！ 给您拜！年！了！,N/A, (),0,0,0,0,0,0,N/A,游戏角色不要在卡池里打架！更不要跑到现实里打架呀呀呀呀呀呀呀呀呀呀呀呀呀呀呀呀呀呀呀！！！！！！听说一键三连加关注大黑塔会给每一个人发一个小黑塔呀呀呀呀呀呀呀呀呀呀呀呀！,0
BV1ZBLezEE8k,【星穹铁道生日会】全宇宙寻人启事：开拓者失踪了！,镜画馆, (),0,0,0,0,0,0,2025-04-25 18:00:00,如果在这里倒下的话，开拓生涯就要结束了吧……那样的事……不要啊！！\n——你们听我解释！不是我想喝的，但是每开一瓶盖子上都写着再来一瓶欸！\n\n作曲：BLACK 0@留声音乐\n编曲：BLACK 0@留声音乐\n混音：BLACK 0@留声音乐\n音乐统筹：MaoXin \u002F TalanTara\n特别感谢：Laysong\n视频制作：镜画馆,0
BV1v5Ake5ESi,澡堂偶遇金发美女,漾少侠,MMD·3D (25),1604638,244,20437,2174,3542,152136,2025-02-20 12:00:00,"原视频：@张凤霞111  BV1Fv411F7d4
模型：miHoYo
场景：miHoYo/Viero月城/克里斯提亚娜
配音：统筹@xyxy小宇  穹/丹恒@xyxy小宇  阿格莱雅@懿阎大饺子  遐蝶@阿贝花mmm  
角色预设：Festivize",114030811285600
BV1xpP9eaEft,【星穹铁道】晨昏卷隐 (已完结)活动攻略/全试用角色/低配/平民/一场赴死的和谈/一则鲜见的轶事/一次意外的交流/一重难逃的命运/星穹铁道3.0,你的影月月,手机游戏 (172),1571292,1674,5613,7852,993,36473,2025-02-03 12:45:47,"打怪活动多少有点运气成分在，怪物打哪个角色是不可控的
有帮助的话还请三连支持一下！",113938117231898
BV13MwzeZEnf,《崩坏:星穹铁道》动画短片：「翁法罗斯的颂歌」导演剪辑版预告01,特效小哥studio,综合 (27),1558708,585,29519,10573,3090,124774,2025-01-19 17:00:00,,113853677439382
BV1H9ceeZEVx,大黑塔生产小黑塔！小灰毛偷偷干坏事！,瓶装白矮心,同人·手书 (47),1557464,251,15593,2630,1453,102573,2025-01-15 11:12:21,大黑塔：给你脸了,113830172565380
BV1QZBBYwE5Y,woc 爱莉希雅！！！！！！是崩铁的爱莉希雅啊啊！,果蝇轰,手机游戏 (172),1476804,27787,23298,69591,4155,108260,2024-11-22 21:21:09,爱门,113526790226271
BV1XxcReqEtf,《崩坏：星穹铁道》EP：「洞穴寓言」,崩坏星穹铁道,原创音乐 (28),1446373,10400,17606,21520,3549,121135,2025-01-19 12:00:00,走出洞穴的人不愿再回到牢笼中去，因为他已看见过真实。,113843393005896
BV1xoARePEDz,原来三个老婆真能合成一个大老婆啊？,烦恼死的夏洛,MMD·3D (25),1431156,290,40026,6776,6406,170233,2025-02-24 11:40:58,"Model:mihoyo/烦恼死的夏洛/填字小檀桌/林槿
Motion:こっちゃ",114056765638895
BV1RUwTegEPY,遐蝶大招技能动画完整版 实机演示,枫缘夕,手机游戏 (172),1384365,153,3181,353,5047,50411,2025-01-19 08:00:00,别打了，别打了，我错了,113850036787591
BV1dNQpYbEmr,星穹铁道3.1剧情.zip,菜鸟阿彪,手机游戏 (172),1367313,2508,22554,13868,6556,80739,2025-03-12 16:57:26,"崩铁3.1主线的有损压缩，来辣！
哎呀~这版本万敌得了MVP！
...
（这系列视频是根据游戏剧情的鬼畜整活，很多地方跟游戏内的剧情有出入，体验正常剧情还是要上游戏哦）",114148604119239
BV1FUf4YwEmV,阿格莱雅不让你说自己是天外之人，你说不说？,晟鸽鸽,手机游戏 (172),1286600,5212,30863,16894,37773,142494,2025-01-22 12:47:08,-,113870169444834
BV1ftRdYYEWR,牢景被肘晕前的幻想罢了,MAZE攻略组,娱乐粉丝创作 (242),1256220,200,5203,389,3353,79120,2025-04-05 22:27:48,“居然能和超九门并列吗，哈基景，你这家伙”,114285808196036
BV1mf6qYbEAW,喜讯！有一半以上的星铁账号已痛失50万星琼抽奖资格！,星铃拿铁,手机游戏 (172),1241341,579,2042,122,4951,62373,2025-01-02 18:56:09,-,113758382853814
BV1DJfeYPES3,一健逗蝶,那啥的青年,MMD·3D (25),1219930,167,33504,2290,1632,187483,2025-01-23 06:44:05,"借物表
----------------------------------
模型：流云景 / miHoYo
场景：西业解 / miHoYo
道具：葵岚 / miHoYo
渲染预设：小二今天吃啥啊
语音：https://acgn.ttson.cn/",113874414080932
BV1RmwueUE1L,无黄泉玩家3.0跑图现状,Narwalncy,手机游戏 (172),1219687,1031,7131,1688,4642,110850,2025-01-16 10:58:14,"密码的笑死了哈哈哈哈哈

BGM: BABY DRIVER - DEJA VU (Eurobeat for maximum KANSEI DORIFTO)",113835776149640
BV1qYw5eeELA,星核猎手以前的台词真狠啊,我可莉害了V,手机游戏 (172),1212103,364,16367,533,455,97808,2025-01-16 17:22:20,崩坏：星穹铁道3.0创意剪辑视频,113837286099386
BV1dk6qYgEw7,超A燃炸！！《崩坏:星穹铁道》OP「何者」完整版 |【祖娅纳惜】,祖娅纳惜,翻唱 (31),1198634,375,19773,14103,1927,94494,2025-01-02 12:02:17,"《崩坏：星穹铁道》OP：「何者」

原唱：谭晶/几田莉拉（英文版）
翻唱：祖娅纳惜

「英雄、神明、傀儡、囚徒，究竟谁是你？你又是谁？」
「我只是故事里千万张不认命的面孔之一。你看见的，那就是我。」",113756755464102
BV1yofUYNE32,太震撼了！最喜欢英配的一集😭,辛西娅梦游星铁,手机游戏 (172),1195680,225,32666,3835,2460,144407,2025-01-27 16:48:37,“记住——我是这世间必要的伤痕！”,113899445685076
BV1Z7ddYPED6,影月月玩豹豹碰碰大作战被顶级物理学家打懵逼：这都能算出来 太可怕了！,游戏BBQ,电子竞技 (171),1193830,1847,5892,415,5143,34515,2025-04-12 12:31:41,"影月月直播间：https://live.bilibili.com/21414905
大家点赞收藏三连，充电1B币即可获得BBQ粉丝牌哦！",114323087169994
BV1z9N1ewE9Q,迷迷联动斯科特单曲《Me Me Me》,金咸鱼,鬼畜调教 (22),1187433,967,40823,28018,16628,147721,2025-02-09 09:23:24,"翁法罗斯经典曲目（确信）


借物表：
模型：米哈游
动作：JohnyL.
BV1t5P6e8EgF
BV1tiFZeeEzc
BV158FTeiECj",113971268948729
BV13oPye7EUE,刻法勒背着的太阳是一个大型奇迹宝珠！？！,卡了麻麻,手机游戏 (172),1166044,13804,36886,8609,15101,155376,2025-02-05 14:38:48,目前仅为猜测，还没实锤,113949894771047
BV1uv6VYZEus,【几田莉拉】为崩坏星穹铁道新世界翁法罗斯演唱主题曲《Nameless Faces》,几田莉拉,音乐综合 (130),1160279,504,12520,8645,10912,103750,2024-12-30 19:46:22,各位开拓者你们好，我和《崩坏：星穹铁道》合作的翁法罗斯主题曲《Nameless Faces》，将于1月2日上线音乐平台啦，欢迎大家收听~,113741588861181
BV1Rzw5e8EYS,真是惊喜，用了快两年的信标原来是自己插上去的,月亮在睡觉呀,网络游戏 (65),1154214,352,16853,415,2172,169735,2025-01-16 17:04:24,-,113837219054167
BV1wpc6e5EKG,我嘞个铲平天地的一击啊,我可莉害了V,手机游戏 (172),1130535,671,11094,1200,3235,76259,2025-01-16 00:11:47,崩坏：星穹铁道创意剪辑视频,113833226079163
BV1btB6YhEK3,【崩铁】翁法罗斯剧情极速版,猫瓜西西,GMV (121),1128596,9886,23729,4277,30308,89951,2024-11-23 08:00:00,"整活向视频，搓手期待3.0
崩坏星穹铁道3.0 又简称 崩坏3",113528216361868
BV1G2P7egEX1,我本以为星期日的logo已经够特别了🤔,辛西娅梦游星铁,手机游戏 (172),1128179,48,4483,147,239,76070,2025-02-26 20:21:22,结果还有高手？！缇宝的专属logo甚至有动画，和大招相性也很好，我可太喜欢了🚀,114070153921329
BV1qq6ZYNEj3,新歌来了！《崩坏：星穹铁道》3.0「翁法罗斯」主题曲《何者》,JLRS-jayfm,电台 (267),1123179,919,28610,9851,4245,49968,2025-01-02 00:46:24,"新歌来了！《崩坏：星穹铁道》3.0「翁法罗斯」主题曲《何者》
演唱者：谭晶
作词：往人不识 / 李崎
作曲：王可鑫 Eli.W (HOYO-MiX)
编曲：TSAR

音响：真力1234
录音MIC：纽曼149 2支
录音设备：SSL Duality Delta Pro Station + Protools
侵删",113754087950936
BV1C9P3egE9u,【星穹铁道】⚡请选择你的命途！⚡,小鸟游香゜,VOCALOID·UTAU (30),1111429,3916,100339,36389,3798,122826,2025-02-26 10:15:31,"策划：小鸟游香
演唱：星尘、海伊ai
填词：@尘梦迷茔  
调音/混音：麻辣兔头p",114067771498290
BV1MFwhewE4m,【崩铁云剧场】翁法罗斯三人行1：启程,藏根的云,MMD·3D (25),1097632,449,42460,3547,4469,119926,2025-01-21 19:10:00,"*待续* （欢迎投稿点子）

模型：miHoYo/神帝宇/流云景
场景：miHoYo/手席单推人/藏根的云
渲染：Festivity/克里斯
配音：刃/丹恒-开心xy_@开心xy_  
           银狼/星-是个馒头诶 @是个馒头诶  
剧本/动作/视频制作：藏根的云",113865538931097
BV1CRdtYNERk,星铁纪念册开服数量下降百分之一！牢玩家换取还有戏！（240万纪念册）,天际义气,日常 (21),1091363,230,879,570,219,36387,2025-04-09 11:04:08,"星铁240万份纪念册，20号前应该有的
崩坏星穹铁道
米哈游
原画集
白送
周年庆
走过安眠的花丛
崩坏星穹铁道3.2",114305773079120
BV1LZwieoEqX,翁法罗斯最强解密！摩斯电码与石板隐藏了什么剧情？,托比昂首挺胸,手机游戏 (172),1073482,1512,49421,41341,16103,88527,2025-01-19 11:47:39,"昨天弄了一天这玩意儿，太折磨了
建议大家跟一些攻略视频做
兑换码：IFYOUAREREADINGTHIS",113852956023220
BV1R7N1edEXr,【星穹铁道】谁说这么审讯不好的？这审讯可太棒了！,NZ75鸽,同人·手书 (47),1071670,5134,33623,5397,1341,115399,2025-02-09 12:01:32,"你们知道的啊，我一直喜欢阿格莱雅小姐，阿格莱雅小姐就是翁法罗斯的光，阿格莱雅大人就是翁法罗斯的美，阿格莱雅的爱就是翁法罗斯的太阳
忠！诚！",113971923256625
BV1WddzYPE4G,下任黄金裔是完全没希望了！！,卡了麻麻,手机游戏 (172),1069945,316,14691,811,3771,104059,2025-04-13 20:43:14,-,114330687245239
BV1RkwNeiEn5,大伟哥都不知道，翁法罗斯还能这么玩（有剧情内容，怕剧透跳到35秒之后）【崩坏：星穹铁道】,好困啊可以睡觉吗,手机游戏 (172),1068694,1004,16195,1636,10076,75192,2025-01-18 19:52:46,,113849197920745
BV1Q857zdEm9,星穹铁道3.2剧情.zip,菜鸟阿彪,手机游戏 (172),1064920,3585,21005,16746,8320,79686,2025-04-18 16:28:19,"崩铁3.2主线的有损压缩，来辣！
三月七掉线这么久....好像已经能领回归奖励了。
...
（这系列视频是根据游戏剧情的鬼畜整活，很多地方跟游戏内的剧情有出入，体验正常剧情还是要上游戏哦）",114358000553939
BV1dwwjeYEhZ,独家解析，阿格莱雅计划？全程高能，昔涟顶级细节！,Jerryprpr,手机游戏 (172),1063466,4217,21337,7125,5483,102431,2025-01-16 20:57:23,感谢开拓者关注！ 欢迎加入星铁剧情交流群：923940488,113838124962407
BV1QUdeYYEZa,哈基鹅你这家伙，玩到真开拓了,月亮在睡觉呀,网络游戏 (65),1058792,169,13091,475,4583,96334,2025-04-12 23:36:13,-,114325721188668
BV1zuBkYHEiU,翁法罗斯boss:这逆天的匹配机制!,无想StarRaiI,手机游戏 (172),1044232,158,12043,533,1444,66535,2024-11-23 08:04:23,,113529323657974
BV1VLwCezE8p,“量子，蝴蝶，镰刀，限五”不认识我了？早和你说过.... 崩坏：星穹铁道 希儿 膝盖 宝箱,Oracle大卫,手机游戏 (172),1042469,140,1312,106,1115,41853,2025-01-19 21:52:08,"HSR，宝箱
不认识我了？早和你说过：“量子，蝴蝶，镰刀，限五”
希儿：“没错”",113855338385479
BV18ePXeNE4A,粉色妖精小姐与流萤见面的一个故事【崩坏:星穹铁道动画】,CelinePizza,同人·手书 (47),1041454,1829,42098,39477,5781,117599,2025-02-03 16:02:02,"注：可能因为作者理解而存在ooc


请多多关注，多多支持！
大家记得关注+一键三连 还有帮充电 哦~
很希望大家喜欢这个作品。

大家记得关注+一键三连 还有帮充电 哦~



新的创造哔哩哔哩 2nd 账号：﻿﻿﻿﻿﻿﻿@Celinepizza官方",113938654037480
BV15ywNeKESZ,这是一次，跨越时空的守护,摸鱼之上,综合 (27),1034732,184,24019,1989,1708,132847,2025-01-18 19:45:37,-,113849181215243
BV1SQ99YLEQW,躲避射线无需方向键只靠普攻到达安全点教程 最简单的操作【星穹铁道/躲避射线】,mohadu,手机游戏 (172),1019937,184,23765,2420,4754,67083,2025-03-08 13:49:11,"不碰方向键，也不需要看标志物
最简单的操作",114125216681976
BV1NQdDYiEoi,万敌不语！只是一味的跑马拉松！,卡了麻麻,手机游戏 (172),1005145,300,15942,721,4590,122618,2025-04-11 20:04:10,,114319211629278
BV1NywQeQEZu,建模还原卫星图？遐蝶还真不是照骗啊！,烦恼死的夏洛,MMD·3D (25),1004710,57,19154,2374,2103,135677,2025-02-17 12:18:33,Model:mihoyo/流云景/烦恼死的夏洛,114017272070902
BV1ZhwAeKE4t,暴论崩铁3.0：记忆体成精三月七？数据世界翁法罗斯！,果蝇轰,手机游戏 (172),1003476,8795,13176,27468,1736,99855,2025-01-18 18:20:44,黑天鹅，你别跑，我要给你bangbang两拳,113848828823636
BV1bM5yzdEjs,都在对标原神，为什么友商不敢去碰瓷崩铁？,原神同人菌,手机游戏 (172),1001508,5312,8393,487,572,79991,2025-04-21 17:40:07,,114375264310819
BV1cZw9eDEDj,翁法罗斯的怪物太多啦！快请黄泉姐姐帮帮！,瓶装白矮心,同人·手书 (47),990534,163,8161,2269,750,84415,2025-02-17 15:58:55,黄泉笑传之吃吃Bean,114018161270317
BV1GJwVesEEm,大黑塔这些小彩蛋太好玩了,我是阿歆,手机游戏 (172),986076,151,7424,252,386,107868,2025-01-16 20:51:20,-,113838091406553
BV1c6wuesELe,给迷迷加上配音，演都不带演？,ForGetBe,手机游戏 (172),979349,6509,6714,825,3618,44860,2025-01-16 09:00:00,能不对迷迷犯错的都是神人,113834048098720
BV1rcP2eYE6o,《车玻璃广告？》,小旭搞笑,GMV (121),975434,55,3339,81,298,37459,2025-02-05 21:38:38,感谢大家的一键三连，感谢大家的一键三连，感谢大家的一键三连，感谢大家的一键三连，感谢大家的一键三连，感谢大家的一键三连，感谢大家的一键三连，感谢大家的一键三连，感谢大家的一键三连，感谢大家的一键三连。,113951538943878
BV1kvwne4E6L,翁法罗斯开拓现状,苦力怕到此一游,同人·手书 (47),957439,691,7785,2239,1742,86192,2025-01-17 17:00:00,-,113841648180610
BV1uqAWe2E73,星铁角色为什么卖完卡就扔，主角为什么注定成为摄像头。,老鬼z9,手机游戏 (172),948665,4505,11979,9442,4628,31269,2025-02-20 19:26:05,过于难绷,114035928340170
BV1iZF5e8EyP,星穹铁道春晚【小品合集】,暴走丷艾,手机游戏 (172),948561,3036,27673,22190,10685,93963,2025-01-30 19:47:30,看春晚不如看星铁春晚,113917112094253
BV1A9fGYaEtP,博弈？ 博个屁！ 看丹恒戏耍整个翁法罗斯！翁法罗斯3.0主线高能逐帧解读系列！,凤梨不会飞,手机游戏 (172),937441,3091,17264,12382,5314,53183,2025-01-23 18:20:49,翁法罗斯3.0主线高能逐帧解读系列第二期！,113877148829117
BV1NQ67YYExp,我已经不敢想明年4.0的主题曲会找谁来了...,欢愉令使阿穹,手机游戏 (172),926315,1757,26395,1327,8225,147947,2024-12-31 12:00:00,,113745430843951
BV12r6fYnEMK,丸辣！一年份的轻松阳光！崩铁翁法罗斯演都不演了！,果蝇轰,手机游戏 (172),921034,6745,12511,30632,1615,83596,2025-01-01 23:11:32,翁法罗斯，我太爱你了。,113753718784497
BV1QMAoeyE8H,超乎想象！谁言巡猎无大C？飞霄仅2金0t750w天谴之矛！,盼能常驻足,手机游戏 (172),920396,3090,9411,11008,13196,71414,2025-02-21 18:30:00,"流程思路：@-小月下-  @盼能常驻足  
协助优化：@与澄闪佳偶天成  
接力凹分：@盼能常驻足  @-小月下-  
最终攻克：@盼能常驻足  
账号提供：@十七栀_  
感谢@小猛的河马先生  参与配音剪辑。
感谢@且不慌  制作的精美封面。
最后感谢大家的陪伴。
关注天策官号@天策星研会  谢谢喵！

主要凹点
1面，飞q触发貊追的鸟附加伤害要k头，迷迷触发的1/3追击不打在小天谴，弹射削韧不击破小天谴。2面，飞q貊追能收掉p1，不减员。
这就是星铁最高的山吗！即使是面对如此逆风的环境，依旧再次拿下2金0t。实话说，飞霄从up到现在，没有一期是给了天气抬的，就连顺环境都没多少，更别说专属怪了。但是，依旧能取得如此优秀的成绩，应该足以证明飞霄的实力了。",114041011832156
BV1pD6BY9E8P,《当你听了28遍何者后身体发生的变化》,企鹅带带北极熊,手机游戏 (172),918070,7597,17264,25796,1467,105992,2025-01-02 16:47:05,真的不关注一下北极熊吗 T T,113757879533925
BV1GLwCezEYR,白露遛猪,本柠,网络游戏 (65),917191,69,3638,80,247,57809,2025-01-19 21:52:47,-,113855338388638
BV1Q4LJz8EED,大伟哥在交大演讲直言：绝区零方向不对，须弥未能清晰表达，翁法罗斯表达欲又太强,原神同人菌,手机游戏 (172),915877,559,5398,406,1490,57529,2025-04-25 17:39:15,,114397913552334
BV1QawbehEi9,被抢劫时，你的专业怎么救你的开拓者！,-路人亦ONE-,MMD·3D (25),915761,1059,13980,730,2025,105908,2025-01-21 12:55:00,"模型：米哈游/神帝宇/流云景
动作镜头：-路人亦ONE-/芙尔的螺丝-Ful
场景：米哈游/手席单推人
渲染节点：Festivize/克里斯提亚娜
配音统筹、砂金、真理、万敌@xyxy小宇    
开拓者@鲜火杂音    
黑塔、飞霄@阿贝花mmm ",113864549079441
BV1xCceevE3F,【崩坏星穹铁道】3.0翁法罗斯 新增任务/成就合集,莴苣某人,手机游戏 (172),913864,1494,3405,4043,384,7568,2025-01-15 12:59:48,"开拓任务「翁法罗斯」-「落木逐火英雄纪」
●参与条件：完成开拓任务「雅利洛-Ⅵ」-「静静的星河」
※本内容支持通过「终末视界•飞跃开拓」功能提前体验",113830558435721
BV1G5feYBEhj,疑似翁法罗斯后续剧情开展，真的是太酷啦！,秋刀鱼鱼鱼w,手机游戏 (172),906275,2289,17661,682,12176,129681,2025-01-22 23:19:31,-,113872652541903
BV11KcieBEvo,崩铁史上最难cos的角色出现了！,蛙哥游戏控,手机游戏 (172),906033,110,3063,165,111,44270,2025-01-16 12:00:00,,113831464405816
BV1JD6VYmE1H,谭晶x崩坏星穹铁道 翁法罗斯主题曲《何者》1月2日上线，现已开启预约,谭晶,音乐综合 (130),904689,5625,12870,7957,6010,124208,2024-12-30 19:51:46,"英雄、神明、傀儡、囚徒，究竟谁是你？你又是谁？
亲爱的开拓者你们好，我是谭晶，翁法罗斯的英雄史诗即将拉开序幕，创世的凯歌将要奏响，由我为《崩坏：星穹铁道》演唱的翁法罗斯主题曲《何者》将于1月2日0点准时上线QQ音乐、酷狗音乐、酷我音乐，期待大家的预约收听。",113741622479106
BV1emdVYCE4f,黑天鹅不语，只是一味的仰头！,卡了麻麻,手机游戏 (172),903265,201,8289,446,2707,65149,2025-04-10 18:19:22,,114313155054346
BV1oLN3eFESV,当开拓者可以接触遐蝶后,我的快乐小孩,MMD·3D (25),893729,180,24193,1224,2352,87990,2025-02-08 17:37:56,"模型：miHoYo/神帝宇/流云景

动作：Luan Animations

场景：miHoYo/手席单推人/克里斯提亚娜

渲染：festivity",113967577962466
BV1dSQoY4E5P,黄金裔虐待缇宝铁证（纯娱乐,卡了麻麻,手机游戏 (172),888070,23,4909,202,275,53025,2025-03-19 17:50:59,,114188466851683
BV15gfoYzEPK,那很联动了,我可莉害了V,手机游戏 (172),880036,827,47779,4426,2895,147376,2025-01-25 17:24:46,"崩坏：星穹铁道创意剪辑视频
借物表：
模型：miHOYO/神帝宇、葵岚、 小唐、 Tenki、辰奕奕奕
渲染预设：小二今天吃啥啊、 MiaoBox
动作：susuki、SAYN先生",113888255280589
BV1dJ6fYvE65,《星穹铁道玩家看3.0前瞻现状》,企鹅带带北极熊,手机游戏 (172),879719,6066,5214,2262,602,60453,2025-01-01 22:52:37,真的不关注一下北极熊吗 T T,113753618123399
BV1ExwHepEcu,翁法罗斯，有十三位泰坦？独家解析，黑潮高能细节！,Jerryprpr,手机游戏 (172),875070,2492,17955,2649,1028,96351,2025-01-20 19:24:16,感谢开拓者关注！ 欢迎加入星铁剧情交流群：923940488,113860421885232
BV12UPVeHEon,【星穹铁道】3.1版本新增任务/雅努斯迷津/门扉之启，王座之终/非自然死亡/常有别离时/翁法罗斯/星穹铁道3.1,你的影月月,手机游戏 (172),867650,1442,5318,4476,546,15219,2025-02-26 13:15:37,"空间站黑塔-任务：BV1oa4y1V7Az
空间站黑塔-宝箱：BV1YM4y1a7wf
空间站黑塔-黑塔币：BV1pz4y1Y79r
雅利洛-Ⅵ-任务：BV1fL411Y71D
雅利洛-Ⅵ-宝箱：BV1mm4y1y77J
雅利洛-Ⅵ-冬城盾：BV19M4y187vT
仙舟罗浮-任务：BV11T41187jy
仙舟罗浮-宝箱：BV1sz4y1Y7mP
仙舟罗浮-巡镝：BV17s4y1R7SA
匹诺康尼-任务：BV1fB421B7j3
匹诺康尼-宝箱：BV1aZ421U7iu
匹诺康尼-贴纸：BV1TC41167zr
翁法罗斯-任务：BV1x1ceePE3A
翁法罗斯-宝箱：BV16Wc6ekEoP
有帮助的话还请三连支持一下！",114068459358573
BV11r6fYnEX7,转发给你同时玩崩三和崩铁的朋友然后什么都不要说,星海神游,单机游戏 (17),863063,3762,21382,2236,5601,106056,2025-01-01 23:09:40,-,113753718785300
BV1MtdSYPEqd,【崩铁整活】那刻夏：哥们在翁法罗斯，想骂那个骂那个！,没吃药的烦烦,日常 (21),858161,500,19091,5285,4360,57872,2025-04-11 18:30:00,隔壁：这好像不是演的…,114318322503829
BV1jQP5euEq5,【崩坏星穹铁道】3.1翁法罗斯 雅努萨波利斯+神悟树庭 宝箱全收集 战利品+若虫+贼灵+黄金替罪羊+预言算碑+黄金短矛+虫鸣秘闻,莴苣某人,手机游戏 (172),854980,1541,3544,5904,453,8835,2025-02-26 19:16:47,"宝箱计数逻辑：
裸露战利品：计入地图成就数，计入米游社成就数
贼灵：计入地图成就数，不计入米游社成就数
强敌挑战、预言算碑、黄金短矛、黄金替罪羊、扎格列斯之手战利品：不计入地图成就数，只计入米游社成就数",114069851868133
BV1J2wweTEdt,【崩铁云剧场】翁法罗斯三人行2：矛和盾,藏根的云,MMD·3D (25),848829,380,7093,391,2354,81493,2025-01-19 19:00:00,"模型：miHoYo/流云景/神帝宇
渲染：Festivity/克里斯
配音：是个馒头诶
剧本/动作/视频制作：藏根的云",113847100768752
BV1NxBsY2Epf,这翁法罗斯给我干哪儿来了？,拔旗,同人·手书 (47),843863,334,12928,1606,1455,75938,2024-11-24 10:55:08,"求关注！！！
关注追番！三连催更！
关注拔旗！三连转发！
拜托啦！！！
这对我真的很重要！！！",113535665314330
BV1oj5fz2Ewp,☝️🤓发给你玩星铁的朋友然后什么也别说,不摸鱼的海,GMV (121),837278,4479,30673,14259,21271,104897,2025-04-20 12:32:21,"（赛飞儿身材太哇塞所以被投诉涩情低俗了喵，
所以改了一个打码优化版，重要部位都已打码，
请申鹤明查，以后主包再也不敢擦边了喵）


整活儿版不眠之夜。。。。

灵感来源：
  某些观众在缇宝pv下刷的“车窗外 这夜色 流光溢彩”
  以及给那刻夏刷的“记忆是梦的开场白~”

๑乛◡乛๑

2P是对比版，但这个确实不是按找相似镜头的方式剪的，你们要那就发一个吧。",114368402492085
BV1KkNPebEmM,银狼加强后实机演示，我们银狼也是站起来了！,MRtianyan,单机游戏 (17),820823,134,365,54,319,7058,2025-02-08 08:00:00,"记忆里的银狼ⅹ
加强后的银狼✓",113963282989991
BV15DdfYuE3d,【豹豹碰碰大作战】节奏榜！谁是翁法罗斯最强的豹？,煤球_Official,手机游戏 (172),817954,2151,3216,805,1009,20280,2025-04-15 21:21:19,节奏榜为UP主观排行，机体的强度不能决定游戏的胜负，操纵者的技术才可以！,114342162859679
BV1oFfaYuEMe,【星穹铁道新春会】《于时空之湖上回响》- 翁法罗斯印象手书,帷幕VMovie, (),0,0,0,0,0,0,2025-01-25 19:00:00,是大黑塔！好耶！\n求求你们不要发刀好吗崩坏星穹铁道\n这次算是小小的致敬了一下《星际穿越》，在帷幕娘心中，诺兰的设计和感觉真的是无敌强大，是帷幕娘最喜欢的导演之一！\n希望大家喜欢这个作品！记得三连呀！\n帷幕娘在这里预祝诸位开拓者们新春快乐哦~！2025年诸事顺心，好运连连~！\n今后我们会上传更多高质量的作品哒~！喜欢的话别忘了点个关注哦！！\n\n【企划】：帷幕VMovie\n【监督】：多刺、时刻\n【统筹】：爬丝\n【脚本】：白十一\n【分镜】：绘相工作室\n【绘画】：Sky、ghost、马格南、阿呆咕、孔鸭洞、兔凃，,0
BV1CK5fzWExf,【星穹金曲】火力全开😠👊,-不灵-,MMD·3D (25),817343,10087,39521,16344,11168,105128,2025-04-20 20:00:00,"借物表：
[MOTION] ：ue5动作捕捉
[CAMER]：不灵
[MODEL] ：miHoYo/流云景/神帝宇/叶以/RK贝今天也很快乐
[MME]：小二今天吃啥啊
补充：
大缇宝：mihoyo/烦恼死的夏洛/填字小檀桌/林槿
头模@烦恼死的夏洛
身体@填字小檀桌/林槿",114368318542392
BV1niFSeaEWX,过年了 用黄金烫一幅非遗金箔画，星穹铁道阿格莱雅手绘,风雪阿虎,绘画 (162),809120,139,12828,2340,1471,90648,2025-01-31 11:19:08,-,113920803083802
BV1Qd6EYUEXo,亡？亡妻回忆录？？？,勿威勿微,手机游戏 (172),808240,308,15266,372,1298,81637,2024-12-31 17:19:45,,113746672421470
BV1U99QYKEmR,【星穹杯】比赛？逆环境选出流萤？四星主c首次登场？顶尖高手如何BP博弈？第五届星穹杯比赛开幕BP放送！,谁叫我洋葱,手机游戏 (172),807254,757,12927,17817,1048,32231,2025-03-08 11:55:00,"正片视频等选手库库凹分中~
大家可以点上关注呀，主播也会加班加点剪辑！
后续比赛也在筹办中，欢迎大家进群聊天，星穹杯借号唠嗑群：982017472
借号工作会在群内发布，用上你的账号会有一张小月卡~
——————————————————————
星队选手：@缘来我是皮卡丘  @凛裳落落落  @雾散星河明  
穹队选手：@小风-QAQ  @盼能常驻足  @不说再见-流年  
解说：@谁叫我洋葱  
BP文案、IP运营：@超能棉棉  @栩栩如枫-小灰毛星  
美工：@卿影_QYing  @洛河Lohana  
剪辑：@西北北bb  @谁叫我洋葱  
漫步天穹，开拓群星！",114124428153974
BV1KH6qYREMz,给崩铁OP何者加了点猛料,果蝇轰,手机游戏 (172),805900,13358,19398,24663,2253,82202,2025-01-02 12:41:06,"因为是男生版，导致伴奏改调所以我录了全部和声
这下当真是偶遇何者，拼尽全力终于战胜了",113756906455421
BV1ahdAYyE1v,【星铁3.2】遐蝶特有的五大细节！自带辅助线？,酸儒书生,手机游戏 (172),802859,800,7291,432,946,25265,2025-04-09 16:03:33,"相关游戏：崩坏星穹铁道
内容简介：遐蝶特有的五大细节！自带辅助线？",114306947485365
BV1PvcqeBE1m,澡堂的水竟然可以这么玩！崩铁制作组拿我们的内存干了什么！,摸鱼的傲雪,手机游戏 (172),800962,1814,5146,518,5931,29277,2025-01-15 14:06:07,破事水（真的水哈哈,113830826873605
BV1pbPkeZEst,阿格莱雅定分枪结果出来了....这分数居然那么特殊？,原神高玩专家-向晚,手机游戏 (172),800877,154,1050,2796,179,30044,2025-02-05 12:23:05,-,113949357901208
BV1GbNwe8ETH,和兄弟逃课被抓包,我的快乐小孩,MMD·3D (25),798913,139,14802,627,1101,120298,2025-02-04 11:42:01,"参考：BV1AJSiY6Ea2

模型：miHoYo/神帝宇/流云景/杰尔菲卡尔

动作：椛花化

场景：miHoYo/手席单推人/克里斯提亚娜

渲染：festivity

配音：
白厄@开心xy_ 
阿格莱雅&amp;遐蝶@云生s ",113943536211576
BV1zMcteNEbt,平民玩家玩星铁 你不仅得高“买”低“跳”，还得要细水长流~3.0全局抽卡规划！,绝云丘丘,手机游戏 (172),798796,2018,1839,845,759,15880,2025-01-14 18:37:59,,113826229916520
BV1aFQZYSEbh,每个遗器本都是角色焚化炉——你刷的不是装备，是亲手给老婆订制的棺材板！,原神同人菌,手机游戏 (172),797729,660,3144,738,1338,56530,2025-03-19 18:11:54,,114188550673929
BV12SwceLER5,【崩坏星穹铁道】老日和老杨试半天密码才发现门没锁，怪不得周日哥说门没锁听起来这么幽怨,虚拟阿璃,手机游戏 (172),797584,94,8912,159,2396,75021,2025-01-18 13:35:20,-,113847721527687
BV15Z5RzAEp8,该给第三代转世起名字了,偿生LIAR,同人·手书 (47),794288,430,21794,3253,5659,69186,2025-04-23 11:45:00,"得知开拓者和三月七遭遇不测后，丹恒拿出了看家本领——？！

绘制：
沽取 偿生

分镜及剪辑参考：
BV1xdQ5YpENp",114383535478130
BV1YpwVepEpi,三月不语，只是一味的冻在那里T^T,闷骚黄焖坤,网络游戏 (65),792076,209,2436,74,153,54242,2025-01-16 20:19:50,-,113837990811220
BV1RdKKenEyf,以防你没见过缇宝吃瘪的样子…咱就是说翁法罗斯的瓜也不保熟啊？,小夜来了o,综合 (27),790329,65,1619,47,230,29155,2025-02-15 00:38:26,-,114003212766832
BV1AW9QYoEFc,万敌与白厄的耐热泡澡比赛！小灰毛教你煮火锅！,瓶装白矮心,同人·手书 (47),789409,418,9051,2799,1651,76072,2025-03-08 11:30:14,万敌得了mvp,114124679814766
BV1eqdNYEEcv,只用一天就打穿星铁world？！几小时拿满星穹和光锥的简单攻略教学！,谭磊nb,手机游戏 (172),787166,983,11241,1328,4004,24545,2025-04-09 19:36:17,只用一天就打穿星铁world，拿满星穹和光锥的简单攻略教学！,114307786347115
BV1meNVeREvC,帮我一起骂开拓者！,神樂坂浮沉,手机游戏 (172),786375,160,18032,915,1229,92494,2025-02-08 21:40:08,"【Model】miHoYo/神帝宇/流云景

【Motion】自制

【Stage】MMD3DCGParts

AI：GPT-SOVITS/白菜工厂1145号员工/红血球AE3803",113968534261333
BV1CUcReQEpk,这四位比原住民还像土著,去港口整点薯条吃,手机游戏 (172),786001,147,3170,79,356,38935,2025-01-17 17:53:34,-,113843074242422
BV156Lnz6EF4,【崩铁动画】“乖孩子，你不必独自藏在床下，来，到我这里来”,竹下下下下下下,MMD·3D (25),783804,597,62999,18018,4797,136418,2025-04-25 23:15:45,"一个下雨的夜晚，卡芙卡微笑着，这样对你说。

人物模型：miHoYo/神帝宇/葵岚/blender布的 
动作：竹下 
渲染：卡渲秘咒 
配音：白菜工厂1145号员工
灵感参考：BV1aRFKe8EoP、BV1GR4y1z7zS（一位画画超惊艳的太太）BV15b411u7PJ
（这个是微恐怖的，但是也还好，其实我原本想做成恐怖的，但是女鬼海报的那种我暂时调色调不出来，不然真的可以试试那种细思极恐之类的？）",114399255727105
BV1X9cAe4E7s,【大病星铁】喝者~饮料~血糖战争,Lerlot爆棚桑,搞笑 (138),770503,483,27163,9326,17340,111198,2025-01-11 18:38:59,最费力气的一集！！！真的血糖飙升了,113809268148693
BV1mHdmYbEQn,【星穹铁道】豹豹碰碰大作战 活动攻略/动感桌球/星穹铁道3.2,你的影月月,手机游戏 (172),769790,803,3609,3438,521,14788,2025-04-11 12:40:35,有帮助的话还请三连支持一下！,114317483573259
BV1ngwSeTEQv,《道铁穹星：坏崩》远离星穹——「天谴之矛，尼卡多利：古希腊掌管纷争的神」,陈歌舰长,手机游戏 (172),765404,1131,8650,6465,5389,43794,2025-02-17 07:30:00,"不败者，一切战场的领主，悬锋城与废墟的王， 
战车大匠，尸山王座，胜利父
荣耀僭主，裂地惊海的雷，翁法罗斯的守护者，
纷争的泰坦，天谴之矛，尼卡多利。
全体世间应听谴的将领，永恒且锋利的兵戈，纷争与断绝纷争的法则。
礼赞尼卡多利，最伟大的征服者，最伟大的守护者。
敬请收看崩坏特别节目《远离星穹》——「天谴之矛，尼卡多利：古希腊掌管纷争的神」。

特别感谢本视频的配音@银河偶像Robin ",114014872935973
BV1MCwJeAEQ9,密码的浴池是要淹死虎克大人和龙尊大人吗,不评鉴的许劭,网络游戏 (65),755322,128,1582,166,1057,36080,2025-01-17 14:00:53,-,113842151495547
BV1vRRCY4Eq4,ber？意思是翁法罗斯结束醒来才发现是匹诺康尼梦的开始？！,枫月咩,单机游戏 (17),753465,142,6387,162,3719,56716,2025-04-07 14:32:08,-,114295270543409
BV1FpwGeeEyb,遐蝶可爱捏,阿鱼Au_lishan,手机游戏 (172),753227,583,11824,862,813,66911,2025-01-16 12:51:23,遐蝶碰我了遐蝶心里有我,113836229199929
BV19MwEeTEFb,翁法罗斯的真理医生居然是BUG！官方凌晨火速修复！太欢愉了！,努力摆烂的白寒酥,手机游戏 (172),753042,359,4645,1249,2163,67269,2025-01-17 09:34:40,"太遗憾了是BUG。。。。。。
白打了.......",113841111303583
BV1pRQyYvEnm,兄弟，看看胸椎,RK贝今天也很快乐,MMD·3D (25),751952,451,37571,8287,5420,74274,2025-03-15 10:09:34,"悬锋小伙坐正了！
借物表
模型：miHoYo/流云景/Adam/RK贝
MME：Rui/三金络合物/洪梓嫣/葵岚/そぼろ/ビームマンP/おたもん/P.I.P
动作镜头/剧本/配音统筹/视频制作：RK贝
BGM：Evan Call - Sleepy Frieren/Super Secret Magic Potions
白厄、穹 配音：xyxy小宇@xyxy小宇  
万敌 配音：烨刑SK@烨刑SK  

（我这回挨个比对着胸椎图的位置k的，但是毕竟不专业所以肯定还有不精确的地方，多多包涵啊hhh）
（k到最后都不知道自己在k什么了）",114164005602069
BV1ykcRedEpW,翁法罗斯有哪些逆天名场面？我的代码在你之上！,靖妖一心,手机游戏 (172),751934,4620,9071,296,336,71669,2025-01-17 18:09:10,"结尾素材：@秋名FD3s   配音：@配音木成  
关注靖妖，每天更新有趣的小发现！感谢观看！",113843141348900
BV1n1P5eVE2J,小灰毛错把可莉当缇宝！可莉宝宝生气了！,瓶装白矮心,同人·手书 (47),750303,163,8147,2331,1237,63684,2025-02-26 11:26:15,道理我都懂，但是这个派蒙为什么这么大,114068039931078
BV18n5azFEdk,列车组成员霸凌黑天鹅珍贵录像流出（不像演的）,小唤鹿c,网络游戏 (65),747865,62,7820,411,8659,54166,2025-04-17 10:11:47,-,114350870300994
BV1335qzrEpn,AI黄金裔合唱《超级英雄》,Tiramisu_sk,手机游戏 (172),746366,489,20994,2000,12582,71380,2025-04-17 23:42:47,AI黄金裔合唱《超级英雄》,114354057974359
BV1nUwLeVESw,缇宝好像把铁道制作组都搞晕了,被风吹乱的发型,手机游戏 (172),746107,143,1996,73,371,38421,2025-01-16 22:59:46,配音搞反了啊喂！,113838611563985
BV11PwKeHEwS,《麦萤》,绫河001,手机游戏 (172),745895,401,8285,412,840,82718,2025-01-18 20:22:50,-,113849298590663
BV1n5oEYvEz4,泛式看自己星铁领原画集条件不满足满脸疑惑：照理说我每天都登录的 不至于有15天没上吧！,游戏BBQ,手机游戏 (172),744982,113,823,53,311,8638,2025-04-14 21:32:05,"泛式直播间：https://live.bilibili.com/33989
大家点赞收藏三连，充电1B币即可获得BBQ粉丝牌哦！",114336525718125
BV1pkwmeqEca,男生的胸肌真的练不过女生的么？,蛙哥游戏控,手机游戏 (172),743158,8,4035,125,37,13792,2025-01-21 12:00:00,,113858794557114
BV1hEwFemEes,列车组真的是太会养孩子了，都把匹诺康尼大BOSS养成乖宝宝了.....,崩坏铁道上的荧妹,手机游戏 (172),739270,228,13122,326,1603,56630,2025-01-18 08:47:18,小鸟乖乖的,113846563898817
BV1x1dAYNEdX,原来赛飞儿才是真正意义上的把妹王啊（bushi）,十九是我取名好累,特摄 (86),735452,274,7657,141,318,54420,2025-04-09 14:15:27,-,114306528052736
BV1WGwHewEn2,你们崩铁玩家还真是油盐不进啊！,大魔王小葵吖,手机游戏 (172),731874,126,5326,85,149,47014,2025-01-17 18:00:00,你们崩铁玩家还真是油盐不进啊！,113841513959418
BV1qcrFYqEfV,记忆主到底写了啥？翁法罗斯文字翻译过程一次性解密！,托比昂首挺胸,手机游戏 (172),728060,548,18686,21871,2327,75462,2025-01-01 21:56:33,3.0前瞻里记忆主技能展示到底在写啥？,113753433575532
BV1Bw6zYjEZV,【最抽象何者】“翁法罗斯洗浴文化宣传曲”,司墨尧smile,原创音乐 (28),725445,3391,17868,10986,12704,65346,2025-01-02 17:34:00,"原作：《何者》
改编：司墨尧smile
混音：徐伊豆
原曲太高雅 我根据自己的理解又做了一遍题",113758030600138
BV1s6Ake4ETs,流萤：我将点燃翁法罗斯！,゚゚停云,手机游戏 (172),722374,649,6860,1678,10158,36068,2025-02-20 09:55:00,,114030458967221
BV1iLwwetEFr,翁法罗斯，主线高能伏笔！独家解析，卡芙卡流萤细节,Jerryprpr,手机游戏 (172),719235,4331,20022,3872,2039,77660,2025-01-18 12:28:31,感谢开拓者关注！ 欢迎加入星铁剧情交流群：923940488,113847436319399
BV18cwHezEGg,【星穹铁道】伊利亚游记 活动攻略/道中杂记/英雄之旅/诸神秘仪/奇珍异宝/星穹铁道3.0,你的影月月,手机游戏 (172),719038,124,7743,3564,510,24703,2025-01-17 10:43:06,有帮助的话还请三连支持一下！,113841362960685
BV1XidtY7Exk,【星穹铁道】3.2版本新增任务/走过安眠地的花丛/翁法罗斯/星穹铁道3.2,你的影月月,手机游戏 (172),718736,1108,4244,3459,348,10605,2025-04-09 13:08:25,"空间站黑塔-任务：BV1oa4y1V7Az
空间站黑塔-宝箱：BV1YM4y1a7wf
空间站黑塔-黑塔币：BV1pz4y1Y79r
雅利洛-Ⅵ-任务：BV1fL411Y71D
雅利洛-Ⅵ-宝箱：BV1mm4y1y77J
雅利洛-Ⅵ-冬城盾：BV19M4y187vT
仙舟罗浮-任务：BV11T41187jy
仙舟罗浮-宝箱：BV1sz4y1Y7mP
仙舟罗浮-巡镝：BV17s4y1R7SA
匹诺康尼-任务：BV1fB421B7j3
匹诺康尼-宝箱：BV1aZ421U7iu
匹诺康尼-贴纸：BV1TC41167zr
翁法罗斯-任务：BV1x1ceePE3A
翁法罗斯-宝箱：BV16Wc6ekEoP
有帮助的话还请三连支持一下！",114306242841068
BV1VawhegEiA,原来有这么多缇宝吗,醉梦依舞月,手机游戏 (172),718490,80,3500,99,171,65486,2025-01-21 16:46:40,,113865455109086
BV1vSdVYGEY5,白厄黑塔，翁法罗斯真相？独家解析，星铁3.2令使顶级细节！,Jerryprpr,手机游戏 (172),716612,1956,17995,5076,2715,65287,2025-04-10 18:18:18,感谢开拓者关注！ 欢迎加入星铁剧情交流群：923940488,114313138279245
BV1yudAYfEeE,遐蝶生命队全员养成攻略，配速 遗器 养成一应俱全,星穹小段,手机游戏 (172),715660,709,18660,3246,1069,14289,2025-04-09 17:22:16,,114307249477035
BV14MAzeQExx,开拓者：这翁法罗斯就是不错,堂主-7,网络游戏 (65),715025,83,5831,162,116,56594,2025-02-19 10:52:34,-,114028277995616
BV1eaQyYnELx,【星穹杯】bp厮杀！ban舞舞舞！能够打出多少间0T？四星主c能否力挽狂澜？云璃排轴压迫感拉满！第五届星穹杯比赛“缇宝篇”正赛！,谁叫我洋葱,手机游戏 (172),713993,3897,23762,72610,8037,68358,2025-03-15 11:50:00,"后续比赛也在筹办中，欢迎大家进群聊天，星穹杯借号唠嗑群：982017472
借号工作会在群内发布，用上你的账号会有一张小月卡~
求求各位观众老爷三连关注吧！主播什么都会做的
————————————————————————
星队选手：@缘来我是皮卡丘  @凛裳落落落  @雾散星河明  
穹队选手：@小风-QAQ  @盼能常驻足  @不说再见-流年  
正片文案：@超能棉棉  
衔接文案：@栩栩如枫-小灰毛星  
美工：@卿影_QYing  @洛河Lohana  
剪辑：@西北北bb  

漫步天穹，开拓群星！",114164257267016
BV13nKPeqEUN,崩铁有又节奏了？究竟是什么引起大家的不满？ 来聊聊崩铁可能存在的问题以及我的看法,游星nice,手机游戏 (172),711648,3174,3207,3127,1515,31838,2025-02-14 15:03:17,相信星穹铁道 相信策划 相信项目组 相信大伟哥 总之先相信 等周年庆看看吧,114000947845708
BV19fRwYkEfx,白巧克力好吃还是黑巧克力好吃？,烦恼死的夏洛,舞蹈综合 (154),706688,174,19643,1700,1875,50183,2025-03-06 12:06:29,"Model:mihoyo/流云景/烦恼死的夏洛
Stage:c753214896
Motion:mihoyo/烦恼死的夏洛/Yumetan",114113506182416
BV18fwae6EoB,调戏蛋黄老师就像呼吸一样简单,神奇猫猫头,手机游戏 (172),702271,236,16551,630,991,63268,2025-01-21 20:24:46,-,113866310748524
BV1guZYYFE3h,不是崩铁？你是说后续景元 镜流 黄泉 全部登场？这翁法罗斯不炸了吗？,小夜来了o,综合 (27),698300,319,6198,139,1647,66083,2025-03-29 22:30:10,-,114246180537167
BV1mwPpeyE4C,缇宝的几个有趣小发现！你可能没发现的细节！,靖妖一心,手机游戏 (172),696346,2203,2057,182,194,29423,2025-02-27 12:41:46,"欢迎大家私信分享游戏中碰到的特性或者有趣的小发现！
感谢三连，谢谢观看！",114073995841093
BV1Sv9uYEEiX,缇宝取火种闪烁的文字真有含义！崩铁3.1最强解密！,托比昂首挺胸,手机游戏 (172),695323,4464,21251,11212,4170,80043,2025-02-28 16:59:43,"翁法罗斯隐藏的东西有点多呀！
有更多想法欢迎评论区讨论！

特别感谢：山正",114080673175466
BV1zxwGehEeq,这下4.0再见了，我少玩500块的！【崩铁实况】,企鹅带带北极熊,手机游戏 (172),694953,9631,4623,2129,250,36553,2025-01-16 13:19:44,真的不关注一下北极熊吗 T T,113836262687341
BV17zZcYEEgo,“发给流萤然后什么都不要说”,枫孑轩,手机游戏 (172),693013,1574,16706,3474,9102,84159,2025-03-29 17:08:15,遐蝶要来了！！流萤看了后直奔翁法洛斯,114244922118772
BV12r9uY5ETH,缇宝被当成了巨大琼实鸟串！云璃吃吃宝！,瓶装白矮心,同人·手书 (47),691566,130,6712,2000,1016,51851,2025-02-28 15:32:53,番红花好吃捏,114080337633172
BV1ZZwBevEP7,【崩铁】勇闯！翁法罗斯！,妮可的狗腿子,同人·手书 (47),687746,252,8719,396,352,63689,2025-01-19 18:45:00,特别鸣谢：@声魂配音工作室 ,113854130553362
BV1vy5zzdEFr,你们翁法罗斯真是全员照骗,凉秋几度长梦,日常 (21),686986,312,6973,121,509,55208,2025-04-18 02:52:24,-,114354796105611
BV1ZBdVYSEQD,遐蝶的几个有趣小发现！你可能没发现的细节！,靖妖一心,手机游戏 (172),686197,6504,7229,582,513,42743,2025-04-10 18:28:35,"欢迎大家私信分享游戏中碰到的特性（bug）
感谢关注点赞投币收藏！谢谢观看！",114313188675086
BV1rQKHeuE7q,当黄泉队所有人都能上场,夏日小蛋糕,手机游戏 (172),683296,1083,4481,673,2494,28001,2025-02-13 17:23:17,仅供娱乐,113995830791837
BV1G5ZtYnEgR,教授你原来是有一整盒发夹的嘛……好可爱,粥粥温迪,手机游戏 (172),682661,25,9581,322,1572,76516,2025-04-01 09:40:03,-,114260139116242
BV1F1czezE4T,对，主播是缇宝第四个分身，缇刚,阿噗的快乐生活,手机游戏 (172),679047,214,4092,1609,1082,48430,2025-01-16 00:44:49,,113833360229312
BV1d1LizHE9e,《崩坏：星穹铁道》二周年动画短片：「我独自救世」,夙曈,GMV (121),677579,2934,33875,28795,5030,89665,2025-04-26 10:00:00,"*本视频内容仅为二创，请以官方后续主线剧情为准~
BGM：ReawakeR-TV动画《我独自升级 第二季》片头曲
---------------
三月初就准备要在周年庆搞个大的！去年咱做了我独自升级第一季的OP，那么今年理所当然就是第二季啦！
又是做了一个多月（中间没忍住先把ED给做了）面前的电脑和自身的大脑都受到了相当程度的挑↓战↑
这次尝试了一些复杂的运镜和动作，即使有原OP作为参考也不可能做到百分百还原（那个经费爆炸的打戏谁能仿得来啊啊啊），所以打戏部分做了简化改动，同时也符合崩铁角色的技能设定，但依旧K动作K得发昏，这对于第一次K打戏的萌新来说还是太艰辛了（悲）仿什么不好仿这个！！有种玩艾斯爱慕的快感
还试着后期加了点特效，由于本人不会画画所以基本是用AE一帧帧抠出来的，这部分也还不太清楚标准的软件和流程，先将就一下吧，至少最终效果差强人意（

这一年也是我独自升级了，回看去年周年庆发的动画说得上是有些粗制滥造（
虽然现在流程还是很外行，但也能自己研究做出比较有难度的作品了
每次做完这类视频自己都会看上几十遍，自己现在能做出这么帅的视频真是太好了......

还有一点咱觉得还是有必要说的，“黑厄”目前是处于玩家猜测中的角色，尽管有多种线索指向盗火行者可能就是白厄，各类的假药也不少，但毕竟官方剧情还没有明确揭露盗火行者的真面目，拒绝擅自期待擅自破防，从你我做起！（看母鸡卡看多了导致的）不过这不影响二创做帅帅的黑厄！如果以后盗火行者另有其人，那么把黑厄当作一条if线看待也未尝不可（点头)，咱们自个儿捣鼓出来的黑厄设定细品起来还是很带感啊...

最后，祝《崩坏：星穹铁道》和各位开拓者们二周年快乐！
也希望各位开拓者能喜欢这次的动画短片~
咱们5月2号晚上的崩铁演唱会见！！
---------------
策划：夙曈
动画：夙曈
渲染：夙曈
特效：夙曈
后期：夙曈

-借物表-
大部分模型：miHoYo
缇里西庇俄丝：miHoYo/烦恼死的夏洛/填字小檀桌/林槿
盗火行者：miHoYo/给你柠檬椰果养乐多你会跟我玩吗
黑厄改模：夙曈

场景：miHoYo/网络资产",114391437542898
BV17yABeME9W,6+5缇宝直接盐都不盐了,烦恼死的夏洛,手机游戏 (172),676649,316,1411,155,1881,17027,2025-02-19 12:01:19,,114028546359624
BV12NoRY7EvT,封面都是骗人的，你不准玩星穹铁道啊啊啊！！！,果蝇轰,手机游戏 (172),672480,11047,6685,16083,812,58579,2025-03-28 23:02:12,你知道的，即将要重现原画集战争的一jio,114240643990588
BV136LUz5ETL,崩铁中的概念神,提瓦特老村长,日常 (21),672081,190,5083,128,173,21485,2025-04-28 21:53:16,-,114415898728490
BV1m3w5eUEty,可看完3.0剧情我笑不出来啊！？,果蝇轰,手机游戏 (172),671863,5003,7864,11745,406,44364,2025-01-16 18:04:10,"因为流程太长了，所以这次只切了后半段。
其他分析和感想，咱们留杂谈里展开说，先发实况陪大伙开心一下！",113837453871954
BV18H5nzfENX,⚡米哈游，能不能放过我这一次😭👊🏻⚡,萌宠教主,GMV (121),667994,417,39585,10027,11888,95580,2025-04-19 10:00:00,"BGM：天真的橡皮
填词、剪辑：萌宠教主
调音：王牌p

游戏里，我只想做个阳光快乐的孩子！",114360416469114
BV15m5jzxEXh,【星穹铁道】遐蝶留给我们的花海要如何开启？全流程攻略来啦！,一号玩家李狗蛋,网络游戏 (65),665519,154,91432,9714,2025,57959,2025-04-18 18:24:24,【星穹铁道】遐蝶留给我们的花海要如何开启？全流程攻略来啦！,114358470316087
BV1xmPRePEEG,大型纪录片《黄泉诗人》,水江梓kasaki,手机游戏 (172),665270,113,860,69,575,16952,2025-02-03 17:05:25,"诗人套是真的能用的！
黄泉一命18%+诗人32%+出云12%+星期日20%+记忆主10%+自身5%(忘记说了)=97%",113939140575519
BV1B9fKYTEfC,“遐蝶”的逆天机制,无想StarRaiI,手机游戏 (172),665171,159,3579,92,581,46012,2025-04-02 17:26:46,,114267638470011
BV1ZCdPYsE2g,【星穹铁道】星铁WORLD 活动攻略/一天10级/经营小游戏/翁法罗斯/星穹铁道3.2,你的影月月,手机游戏 (172),664918,171,2986,1518,637,16112,2025-04-09 22:06:27,"1、优先完成左上角任务，帕姆和嘉宾非任务时期不要点！(特别嘉宾可以点，账账谛听尾巴之类的)
2、抽全角色&gt;抽回忆卡&gt;角色补星，优先在右上方薅好友的回忆卡
3、记得在左上角看会场BUFF，BUFF很重要！
4、角色升级会给钻石，记得把角色平均等级拉起来
5、星级高的角色赚的更多！同星级看卡片颜色！
有帮助的话还请三连支持一下！",114308373545127
BV1jiqqYeEBp,星穹铁道TGA2024参展宣传片 翁法罗斯首次亮相 新角色遐蝶出场！,游戏BBQ,手机游戏 (172),661935,463,2645,262,12881,18821,2024-12-13 11:34:24,"TGA
大家点赞收藏三连，充电1B币即可获得BBQ粉丝牌哦！",113643391818827
BV1ryPjeQEdM,翁法罗斯十二黄金裔四位未公布已揭晓,小唤鹿c,网络游戏 (65),659437,280,1511,72,573,22106,2025-02-27 00:20:32,-,114071093447231
BV1yJZHYQEw9,崩铁里最诡异的队伍！（胆小慎入）,KAFKA不卡,手机游戏 (172),655226,165,3114,644,4919,32955,2025-04-01 20:00:00,晚上刷到的人有福了.,114257840571151
BV1JGNwe3EGa,【干货】只要有一个人不知道，那这视频就有意义。,KAFKA不卡,手机游戏 (172),654976,174,891,194,177,40048,2025-02-04 12:44:33,,113943787864864
BV1BkNzeLEKL,阿格莱雅：这就是天外世界的书么？【崩坏:星穹铁道动画】,CelinePizza,手机游戏 (172),651485,190,28894,3098,898,83782,2025-02-12 13:30:00,"请多多关注，多多支持！
大家记得关注+一键三连 还有帮充电 哦~
很希望大家喜欢这个作品。

大家记得关注+一键三连 还有帮充电 哦~



新的创造哔哩哔哩 2nd 账号：﻿﻿﻿﻿﻿﻿@Celinepizza官方",113986133558748
BV1wnNHeqEUE,翁 法 罗 斯 往 事,南有风音,手机游戏 (172),649327,729,22797,9667,10926,61498,2025-02-08 11:45:00,"【本视频故事出自翁法罗斯野史，属于整活二创，与游戏官方剧情、角色人设无关（doge】
【视频涉及部分剧透，请部分观众谨慎观看！】

借物表：
模型：米哈游、神帝宇
动作：神樂坂浮沉、blackboss",113956991534363
BV1pUNoeNEAj,崩铁角色要是放在现实，个个都得塌房！,节律锥蜗牛,手机游戏 (172),648041,188,3617,75,237,38391,2025-02-10 20:04:21,-,113979473008501
BV1WLwcezESy,《崩坏:星穹铁道》顶级二创!我们用MC还原了翁法罗斯!,Apple苹果酱喔,手机游戏 (172),647580,10494,34097,66923,11275,177173,2025-01-18 14:00:00,"终于~~~~~~~~~~终于肝完了，终于可以玩崩坏星穹铁道了！！！！！！！！！！！！！！！！！！！！！
感谢崩铁给我创作体验服资格！！！！本次存档由@绿柱石Berylite  与我一同创作",113845741879580
BV1dxZPY9Ey2,不一定非要选阮梅或者罗刹！新增代币四种兑换思路,大嗨鸽鸽,手机游戏 (172),647070,679,1452,190,397,16512,2025-03-29 18:46:32,不一定非要选阮梅或者罗刹！新增代币四种兑换思路,114245307994216
BV12gdTYyEDB,woc是黄泉！！woc翁法罗斯令使搞团建！！,果蝇轰,手机游戏 (172),643692,4157,6612,2670,468,33964,2025-04-10 00:20:55,再见黄泉，无憾矣。,114308910415888
BV18iRBYNErf,最史诗的剧情，以命换命？遐蝶PV，顶级细节伏笔！,Jerryprpr,手机游戏 (172),643305,2465,25557,4429,1535,63558,2025-04-06 16:57:34,感谢开拓者关注！ 欢迎加入星铁剧情交流群：923940488,114290170336110
BV1xad6YzEUK,阿基维利不语，只是一味的选抽象,卡了麻麻,手机游戏 (172),640646,124,18510,626,1160,71229,2025-04-13 20:05:10,,114330553091115
BV1aLwFeSE1Y,米沙：断桥还能这样玩？,modry_veczer,手机游戏 (172),636032,85,1225,81,751,16515,2025-01-18 09:07:25,-,113846664563007
BV19ENCe7EB7,二键逗蝶,那啥的青年,MMD·3D (25),625897,95,20394,1482,2226,84494,2025-02-12 09:35:17,"借物表
----------------------------------
模型：流云景 / miHoYo
场景：西业解 / miHoYo
渲染预设：小二今天吃啥啊
语音：https://acgn.ttson.cn/",113988331380560
BV19MdVYgEh1,智识令使只配当看门的！原来翁法罗斯这么逆天？多方令使大混战？,你的倪端端,手机游戏 (172),624189,609,7466,149,397,51815,2025-04-10 18:45:23,智识令使只配当看门的！原来翁法罗斯这么逆天？多方令使大混战？,114313255714851
BV1Vtc3e7Exx,看懂崩铁3.0预告的已经开始包饺子了！！,企鹅带带北极熊,手机游戏 (172),623821,5103,4334,1757,484,54587,2025-01-12 17:55:55,真的不关注一下北极熊吗 T T,113814771073620
BV1VpwLecEGE,看我用匹诺康尼剑斩翁法罗斯的官,有机食品pm,手机游戏 (172),620816,115,1828,51,941,31465,2025-01-17 00:11:32,米沙时停之力果然强大,113838896711773
BV1uJokYJEcU,翁法罗斯的纷争半神vs星铁难度最高的副本，喜欢我的群体控制尾兽玉吗,乾杦先生,手机游戏 (172),618091,827,1191,117,510,14162,2025-03-24 14:10:53,-,114215880760558
BV194NmetErX,[星穹铁道]假如崩铁有出金动画——阿格莱雅,苍琳天涯,手机游戏 (172),618012,338,1922,290,208,41101,2025-02-09 13:59:29,我也希望崩铁能像隔壁一样，有个出金动画，这样更有成就感,113972393022512
BV1C5dNYPExB,彻底真相了！原来翁法罗斯才是最离谱的地方？一下登场这么多令使结果还不够…,凉小夜来了,手机游戏 (172),617629,196,2125,66,148,24059,2025-04-09 20:42:03,-,114308038000652
BV1MbfsYTEKj,大黑塔为什么没人吹了？新时代智识竟成最大冲击波，且看顶级虫皇带您深入分析！,清蒸蟹蟹Fc,手机游戏 (172),616979,783,594,78,270,10542,2025-01-25 01:49:44,理性节奏，不带讨论（,113884581073023
BV16ifaYyE9U,《翁 法 罗 斯 跑 图 开 荒 现 状》,地蛋星穹铁道,手机游戏 (172),616051,116,2067,76,985,29688,2025-01-22 18:40:49,,113871578731040
BV13u62YREBY,偶遇何者模因，拼尽全力无法战胜【菈崩铁】,宝菈卟妞BOOM,手机游戏 (172),614792,220,8923,1639,309,76215,2025-01-03 17:41:47,"画师大大@清杂吗喽  
丹恒/斯科特配音@赛可_Cykal  
三月七配音@云生s  
感谢大大们！",113763751630621
BV1Ci9AYWE53,独家解析，万敌关键细节！杀疯了，星铁3.1伏笔解析！,Jerryprpr,手机游戏 (172),612602,2084,11869,3527,1665,50676,2025-02-27 19:49:28,感谢开拓者关注！ 欢迎加入星铁剧情交流群：923940488,114075673565468
